x,y,z,concentration
-32.64254242054926,-7.774154496841575,27.657879712868844,0.0004378633616200531
-17.833838084219344,23.782744274458096,41.23129873103324,0.10262706957238862
-24.141453004684543,-39.91654175139898,15.726590491303549,-0.11165725776308447
-33.35613559143346,-17.893427027893182,45.92662244745052,-0.030137207108302522
2.7015007108901585,46.95150609084499,36.62534384293336,0.022759237809306165
-1.697786303154814,-48.71016982441384,17.815211221347887,0.22573512241672264
-10.933661091350835,25.55027304121053,32.6032000131564,0.05003067300263081
30.276255127997302,-15.32584270820987,13.517166564074623,-0.06552032180652549
48.07576556964709,2.932283386211445,45.377588419630186,0.07137770813882452
-40.55685514285838,29.280719287583565,4.965836233846499,0.12546874004231887
4.475807738350454,41.537531782203175,34.26607300438843,-0.02559672541706806
-6.60857804956877,40.7410564584128,9.812289716312467,0.12539484690091135
-28.87716280048651,-31.090998377344192,6.267785383323298,0.0249721018739507
-31.657084512996757,-30.065057068013033,11.077096245306716,-0.006002656950306283
-15.249161102423471,28.39550064174631,5.505959529311727,0.09385152241252774
12.264720503126867,48.48878347210348,23.96175218729944,-0.13772724211572207
-47.30152475000302,-24.0194408890982,49.36435243650316,-0.25928798563340877
47.86385378290976,-0.8236857192635085,22.90462973778311,-0.04897559825759088
48.931168746241795,17.698168331322876,48.52441538663324,0.1667343037462355
-44.47017736849125,4.660545570642569,10.56859505616371,0.17335614286005416
13.498051618078208,-45.321710702566584,47.6242749077723,0.055897068781544046
33.733545422292295,31.625879633257398,21.686088663068343,-0.10188532895038892
15.99599239949302,-34.21550648673406,4.763280775992213,0.0560092715903934
31.201853114918663,13.012840795141713,29.938827674900892,-0.09078371244787824
39.583775568150784,-16.7844710234329,6.405082180728927,0.05135215732403253
8.021164269192262,-34.80554400591915,27.555083113496572,-0.08067697429303555
0.44435708562829035,-31.47216214129307,7.414313239344528,-0.03094298948371083
-42.73394280197634,4.350099019082997,5.938540846064694,-0.03825589097500458
32.30694654507019,25.43736916605087,44.00404920821214,-0.09093876621420019
-14.958446863605644,21.41515981270439,28.26787421112667,-0.07369517436547783
-40.84149860255275,39.63696919829013,10.518083897871488,0.021102428570562794
43.54809757450431,5.409757828797844,16.788069212119133,0.17485895058852596
38.649021397575396,-9.271391237651017,11.697061454986152,-0.016980462534211
4.292926613419077,-9.793323949810663,15.265997003205229,-0.07711740266069962
-16.392285899800306,4.414828120646611,41.18998004867681,-0.07679221981167508
-24.174029068131,-38.23147589625084,6.41575063774526,-0.1403383051002014
0.2836154919957181,-41.21383683938197,10.16112124018685,-0.12343769737176939
-45.751743362364316,-37.55980517725411,18.82735375123773,0.06548718852214291
-9.777983639290674,-10.022735256431048,11.655655388419579,0.0701330588938875
16.201807157772024,-11.848468354886876,31.52901064244333,-0.021806581298122324
35.28106205696996,-47.67300482505916,11.829768813407677,-0.1525569098751627
-33.64658927847897,-23.340357605310913,35.633893506957484,0.022424778113950418
49.83140397589247,-37.10282201646152,31.38934835684355,-0.15429420290152887
-29.173077037931815,18.638666359576433,10.284030502425761,-0.05415008961650266
-40.49849257252565,44.522794862331835,26.321960541191686,-0.042696958461704654
48.860300667082896,11.359530317312213,40.17798946134692,0.01351826223731441
1.1256223569333415,23.93683025755257,40.28980261495717,-0.03958357269430073
-14.853579958991695,-0.22357559085427425,29.970424504315123,0.0937406701689037
48.72260250816919,42.340140012431775,28.01830847548069,0.04489732188736887
34.92090692479513,9.29566085430804,25.427400996947792,-0.06751413381900755
-15.704825369463705,25.842958566698158,26.075306805526726,0.1496434092575054
24.422005597570404,-28.15548951553739,35.4362018850518,0.01099685719689983
-29.051880144278964,-11.040178611255172,11.728638213858849,0.09369358284324392
-19.152658670282275,-41.82503956116685,26.613560080527304,0.017181596017133167
-24.858126036049597,16.36644264313925,30.86521175592737,0.08908779248271241
-23.685218076736405,23.044057320475403,6.061472907473026,0.15970711633293264
25.430465142299568,-31.56937948821872,37.94239562766771,0.019052768720798065
47.807548788605004,-33.837363930233764,48.694116386018784,-0.1029414977063738
49.85438935253633,6.1281955530316665,13.121093209217493,-0.011961289277484029
-48.39049973128938,6.937912126550849,11.230911609428151,0.03951534607138034
19.858283876676765,-22.120577754636262,43.75376439600657,-0.038611630546225746
47.77181237595167,5.987339341748211,1.230210251729258,-0.10814526070957922
-27.578659870656274,16.584474608700916,32.47767938415998,0.011863046839210845
19.82299808542976,-18.970370973024476,3.416059979203223,-0.19397276352148296
26.927085055391814,-19.627243451374067,30.28641575588396,0.08438817802235402
3.0461804091467286,10.020198836584491,40.82339125240871,-0.013636560271387294
-2.8021718636832915,-21.450576113828966,9.565812420530312,0.03083547593768056
48.08142241916819,-48.58109969816129,0.0002945972450318912,0.033826154014887574
-35.76471501605744,16.471539392638206,0.7056410752030118,-0.050018145481736574
22.671067734155486,-19.870174862972988,4.059324793627056,-0.07660957027968142
43.98525236340747,18.774677653541303,16.197844207396717,-0.19439495349937702
49.876032000192595,41.43124936256747,0.9406791310424156,-0.15884352849625769
-4.724661356274709,12.506249114150293,26.520118211458655,-0.01513218085072731
-43.95562639688204,-48.94722812063803,36.47479417683847,0.07625558621405452
0.40204922976990787,-33.83409065878935,26.10979657754552,0.10540897074568586
34.030140899690736,-30.727867663793717,41.8647295654615,-0.1297528024542128
43.31679841785217,-27.829014906789663,41.921662036027094,0.0951761052709743
32.681776658967536,9.047276305210218,23.45507774359455,0.04396344976363355
-36.61114644082759,13.709591082595551,33.01635638220609,-0.11454495457978582
1.1505323456448195,28.408080326004807,7.036698347824216,0.09394023682280991
-31.744359159509283,9.596831066189992,15.884671061155531,0.08441080762617831
25.76305913282424,42.58301473414234,9.367158410132614,-0.030770956224267253
12.918387053977362,16.83751533856676,16.708419393764874,-0.01620442228303916
-37.98412544206001,34.803052419487344,24.87561490565671,-0.10504317413542787
-25.041789671695557,-48.023647128506006,6.74185351561738,-0.1087471925508464
-21.81423988940365,-48.277661617942144,19.210882860293687,-0.3170296268851523
32.883734948822806,-1.079857549758799,47.89427663303138,-0.079415008771031
-13.065969624307336,33.46689165432602,9.093179668251306,0.11542067137299641
-18.92033350709037,4.752217650385923,37.62951253157057,-0.03251678821486829
-30.090580247072673,-46.932390111219405,36.48833987706148,-0.023142805800194358
2.999611918093102,-37.56050531769546,5.455061737725492,0.07729922830042092
-49.928474529549774,-14.712870544671418,26.697201179002345,-0.1263057825497244
45.62798124437134,-5.205612159721838,19.29032582197314,0.037246014390335466
-30.19203190916211,-26.995318636047006,36.388134534508055,-0.0006718457033553083
40.23205203170956,-47.846740209380926,12.902253475807274,-0.08008547212071386
12.444728545683233,34.82825697641306,19.379772824719886,0.09884945770107527
-9.962652905884973,7.958488939222498,11.780643332953112,-0.0687746636548107
27.40173747853595,28.495327765698278,1.3153695946250321,-0.01634300881288317
-21.975703549942725,46.51330791713363,36.710667359569115,-0.03630300654507754
-46.30326981432129,-31.919072102348366,27.806984122036617,-0.04809528425455782
43.72884402340169,-20.924933697411653,27.969730252771857,0.04754609121804407
23.239332043481554,-13.127200612411528,12.566461151772506,0.16423399460739202
-45.15163284017978,-43.85102088331939,38.23127393411532,-0.12660918151042977
19.99580579404048,-4.354941631416288,34.25918849999163,-0.09836549838873719
-38.26688643566693,-36.5352250150994,11.545539171844116,0.10222105066208967
13.857129057498831,-41.42572321064261,41.07114563708535,0.11661623872963627
45.77740305023252,15.6607804610085,42.02686714894759,-0.06706986715756422
31.722446130277277,16.12680221549533,49.437059370933454,-0.1487738297685273
30.20519689567665,-38.77378188559246,37.81844772533114,-0.1557456263594518
15.85067515200518,41.351502778766914,14.33672758733921,-0.0013763517486250693
14.776574753876432,37.394219745581765,28.888705545412847,0.04230015858961211
-27.987014537912614,-27.31517211339899,16.027508358240333,0.21579977544410073
22.789890869208648,23.32619785253199,16.180131594624886,0.15215575564686215
-11.421815065160722,19.63387199784188,42.230448720521764,-0.09299113499456615
37.940176110264815,1.4173319013569738,6.466757323945782,0.027401588422470088
44.19673830872247,10.269264557604963,37.73661156927315,-0.08022213815249903
-16.301709287356417,-45.79080551226309,48.702803405538546,0.021643505133727547
25.73010276527036,-49.710003563401806,30.128677587462043,-0.11738518567205157
47.89274402466697,-35.62013316673889,10.555455485056154,-0.099305149658292
15.170303480465805,-12.807277292140597,9.928218534595128,0.07861584351863302
39.55368123257644,39.38537793047098,22.693613572745136,-0.08157314328623015
-23.400864030573977,45.200413235112805,9.932585131659433,-0.11233262406857689
-18.35374554913074,-12.68858728039445,32.15248815859393,0.04539742575623002
48.49726228958626,45.39881726857074,16.46143491783414,-0.11688727312656857
-36.26735098913003,3.0095591548293754,46.81834770233001,0.015149595236780283
-26.547623816247203,-37.17884348157663,47.558805110385904,-0.007619019628228391
-44.8681516893219,-39.708002045457235,47.032200628164894,-0.15810689869750671
-30.859918216059402,-45.89719197089205,34.96831085864621,0.037663513088632083
-10.419515919451591,-4.451566567851614,11.91431784017517,0.07468892146788196
-8.46129574934944,24.98651851913594,31.790086136487233,0.2579125296357952
21.35011549740146,-6.025775908210726,22.95489815959723,-0.028839812160328247
-30.81190032032207,-8.745625910458763,3.1019966974426607,0.06365606836454873
-19.80724713443076,-39.777178224286224,21.865729326788024,0.24437354565318709
33.546435013643844,-39.32424403001913,42.74805234566333,0.0016270101083776726
42.32759950328007,20.587127539251853,29.50127252214349,-0.03664890934542334
1.5243008728843748,-7.238283966305538,9.128957470091375,0.05793484552551276
-7.725309019736812,-3.9269827222649525,10.000692671980389,-0.0639321448688166
21.817401998347833,39.05320903802826,13.817076924911149,0.002947886088038273
25.211876099527657,-0.8047748173554581,33.70087182702669,0.08457298687301894
-24.182684610962845,16.527674288032685,29.328254950391425,0.01736379452651321
-40.32201134558373,40.533093873008966,34.94576136002338,0.04601545386893279
-33.1578926781763,-6.238277421704531,22.781612866862115,-0.09464588504622048
18.029746505394854,49.70385027799318,4.438147064859882,0.025850424550361958
18.816183408251646,5.181480452892288,31.479110054047137,0.042701303764436455
-36.67004869549917,-1.519337876758165,35.581245943846405,0.06322096165389145
27.066894865327214,7.266591592229908,17.702636357318607,0.02181193842116546
11.97321521334841,6.462834404534448,11.431187182658464,-0.016740501340105046
-12.631763557689688,-3.7715879345782213,7.949870030277423,0.027435855612446308
-1.4365535087359262,37.32792536803143,48.60607544811755,0.08913236476611952
46.055083021806794,30.25685413523155,6.390235484832507,0.001525526626015183
-39.504261262215124,48.65258692984298,28.636769535817148,0.04788385907692199
-25.902994540174905,19.52389649615749,8.232653435328164,0.10954000441020047
-38.79041664461281,8.211910703128503,34.96006816682844,-0.026759568198779057
44.86688922102398,30.560363141949125,1.1917582073209032,-0.009069594122579693
-30.872750482117418,43.99378698703879,20.186604389028773,0.19248397875154472
44.09558335004793,47.36381589533384,19.574185538302498,-0.06229712256888786
29.640833061276894,3.009253795168412,39.3647523649395,0.23956155219972505
-6.25777417537541,8.767219801264694,19.039209675542956,0.10792362990893783
8.357064220363029,-11.554979741402427,21.75794073022817,-0.0025762017107631777
37.82349666801878,-11.555950626530901,16.665127687576476,-0.11615331451725441
27.730325829239263,41.73074204737094,3.988783428764026,0.03925648464707462
-15.487540491632267,33.951111574634155,28.654326619730284,-0.003658263634489354
2.561479218031458,-18.97431899024561,17.25913501096465,0.02818563098338689
43.51670468755053,-28.3416172258784,33.17448402386033,0.04774170382973778
21.36439260527075,-19.773058754643625,35.622444522080755,-0.034500382173798465
-21.158273680228312,-23.141663517503254,47.673741083666535,0.020051330979650537
-7.714032935384672,-33.18712442493423,10.673512908372023,0.09202616874658216
-31.770252870459913,-25.03679073033339,22.25198274742039,0.0872959504580647
38.203865596805315,2.671335514277409,38.521421564823726,0.053990171817589146
40.832452862411245,1.7403639366540986,22.607431374039617,-0.14065994712699453
-44.119170086253774,40.72839475894163,28.349765610312126,-0.0972651061992959
18.49188493991241,-15.655342023421426,40.17110868515628,0.03938832384291178
-30.07824307973459,-41.446576455590964,1.5562551669708102,0.030889371813592713
-41.092634255364814,30.43343272861307,26.41128187038342,0.04857944949068499
-8.27006773448192,-12.877543282345286,14.611371764994463,0.04716530200731875
-8.492209362457402,27.480741981330368,39.54499143185609,-0.018784878119806985
44.95196513486192,40.507586419175055,38.78825323479973,-0.13454862415658883
-11.103032500337186,-32.742716785411616,47.638185174008065,0.11300102223786825
10.399225231080365,45.414992011156755,29.282977704697572,0.07888560066538589
39.215609044355446,-33.191342581588536,8.269498385981844,0.16811809635237654
-30.65044182889708,42.819523005116494,32.16697703912461,0.07634472553996785
9.699826263380864,0.9930645602908683,24.342851913241777,-0.11216834335597521
-38.27512270290141,12.885754359142808,49.33589338236066,0.07842384038375305
32.77425227710734,44.85067756455277,0.7535819545138711,-0.13392024671348784
-26.99286220038699,-0.9034660000965857,37.69288010907479,-0.08917759364303902
6.274278834452929,38.37250534930551,38.08458190715584,0.04295763853859889
-17.146234172250082,9.033371250524858,12.909190706144885,-0.0753194405116435
18.485185317813873,-26.90260452654759,36.729247747701535,0.11231824243852388
15.051051867070214,-33.90142335321502,1.8145458062321318,0.003718140712348216
-26.62229372902725,15.580478575295714,35.5173438146407,-0.08172846235396078
36.90464396629375,19.98914543351009,32.859590385197215,0.20385376284505263
14.222143860253581,49.76268170000725,42.770561199912144,0.24458623973555735
4.637336208729401,-31.231914743566026,47.481647773793966,-0.03222816419028629
30.25708546108963,40.72811542452088,40.073705562062635,0.006776458463412434
9.01436340599735,-32.052111547455254,27.46018226978908,-0.03933205640611534
43.60777781744382,18.01302537789043,45.82339608768863,-0.23847189284771717
46.64436177419789,21.754994038378555,5.490254341523448,0.14517907779583342
41.85654715678501,23.62894157420817,31.171719800258344,0.07627343960850888
15.796952676178748,-25.106334097461946,37.18461293266112,0.15373471438313177
-32.77893145958305,-8.500048618368403,13.294388795569223,0.04316435231274382
25.790514020685762,-44.908555752891424,49.137092669297225,0.05373874271239535
-39.98196461761743,23.203313155403777,43.56455272056399,0.1578371865862427
18.360972888955573,40.60117928483619,4.295289004529562,0.15359878705610083
-39.941471500235714,-30.85259964469883,21.05481364071237,-0.035238040948123925
40.530976799910945,9.393207023288909,36.89024833124251,-0.07495280132044684
32.37038844245379,-30.670113027502545,31.34716317410522,-0.029355864537487758
-3.46044022873113,-45.34305296148169,21.941749064720756,-0.11515643424263511
15.07953331366059,-27.904301314218817,26.87509738670505,0.1077392655663907
-17.9017079277464,35.41567684186917,44.57373671394056,-0.13329800437302758
-30.419129356273967,29.342924448871116,47.557899822484956,0.024769542151526405
44.326568834629754,-7.962347177219286,18.16749578714874,0.11356008500841647
-29.746975419959654,21.274323702884615,32.32696844199536,0.08969413180498284
-25.92861615736356,-27.079265106015725,41.41651446874531,0.10936093038496247
40.646822331428794,1.48148980955375,48.59985438471559,-0.07262461573096106
-39.53307370491886,27.971572820749785,34.967060133688946,0.2779637717283948
4.472125017227178,41.171155040721004,29.5935560254269,-0.07828191471053254
47.73051304748995,22.480411086282345,13.400835177367142,0.030806429468898444
-38.84557909035033,18.265768676285475,19.72476001007531,0.000103164308809673
5.144168884449563,-30.85276839516591,34.811710170314484,-0.026480545555658694
-45.326637513460135,-47.891707884239295,47.277741613289166,-0.05422801909578604
-19.468496641558218,-1.4503748141450146,26.33475933671478,0.0912216429113172
-30.66068217953706,-34.33009709321397,34.58328652158728,0.07172266984453504
35.71513524030395,-45.132406060975704,42.57109865261279,0.014699242233533793
-35.93534452701758,8.400296297990863,5.913567263978209,-0.2248377537731058
-24.844898758352418,-47.28596992615388,32.74075137539866,-0.07010095823570077
4.875826289480258,35.47732283686727,13.408415153165516,0.05177353081566456
-17.052979427956394,18.489068867648925,11.076232889672344,0.2102165525263739
45.53441876289601,8.532590796285369,27.73752384558199,-0.08677794929040196
19.47833152914376,17.714560311319133,33.04674040139604,-0.0357967050736814
-39.4481920507792,-10.93850814093247,7.027958491606473,0.012464238017692874
-0.14806137929141983,22.84015061795347,28.45992582252237,0.13215944666943752
14.87705795010477,32.32200124563778,32.06491996162618,-0.016503807077232466
-48.995266579909455,-20.739743761597907,46.57809274292854,-0.059726307588158244
-31.769967529481814,-0.2051737626515333,13.330420359588175,-0.023814719082819066
20.640116894639448,-10.0864730212229,38.77004577028734,-0.1223776343373308
7.065191614465448,-20.465291338478984,48.24300296784094,0.06889989945879382
36.18911764231399,16.544936326797014,5.642249611742872,0.09641900555880403
15.89949374531318,30.610976498308048,19.16729433331853,-0.033427529464012264
-45.97889763920108,37.209082521746936,43.435173467507255,0.116918740178749
13.160063472955464,-48.07342096930214,44.541059549444654,0.13010878326738431
-24.409889519654083,-10.825027893973548,28.892686866075586,-0.06525107160443383
-23.003737798813006,32.828430569974415,12.922365030517524,-0.16309034567371064
-0.17923211561141272,13.481355496335823,13.59744835656675,0.0070898364639658245
-16.9191450920994,13.96715057966562,2.430748672859856,0.19517086855574395
40.72824269664447,13.93037546898426,32.36963919998599,-0.042649402628126644
30.43878270295734,-40.0001299811711,12.569421639563789,-0.012066101561649606
-18.460292562417745,-41.512309506493104,32.382058493050586,0.030139728495984484
-26.31406441686893,-43.587492239449986,39.26091462179288,-0.03446433708031614
11.56175952919186,20.83323771281836,33.07736531698312,0.06309739698912993
17.414366044712793,-39.54973749953024,29.112715628050196,0.04490927491225955
6.640502691157465,39.89390711982345,12.862600375451077,-0.011429110688509566
-15.099729438690993,11.14980871862182,18.766931253128423,0.014922655236633482
-34.33308473942623,33.54504502540139,48.010273721006854,-0.01995031157430767
-1.5061018241908073,38.785056056509376,7.044370160927871,-0.06320058616741543
12.677307903076361,9.278391819293262,21.757221783393156,0.043157796896440975
-43.48142791052886,-43.82275643416001,8.48614165483167,0.023109120093962484
-44.105121980246324,1.4619837972027696,3.0187733444128617,-0.06336212234465315
44.597369107484084,49.10148148693885,1.164409056639798,0.14329333751286835
-32.31645701965259,42.61449729071548,44.5868342710594,0.04715103547647713
-10.75178273278221,-24.416867124492914,18.322853203149,0.0976754130246191
10.69602660723801,-29.745902961990023,38.98205913337278,-0.10353292385979192
-29.39809436595616,33.50860113793104,10.426909536314893,-0.031117312311509358
-13.135449140232794,-42.69871242153316,12.832806866503866,0.026960543616374098
-12.515657147806955,24.586778506744025,3.316537594629282,0.11801639031796232
-45.320406609577056,-48.18873022474568,25.42745161075861,0.23056700137599748
-22.295858945291936,1.0749900706724844,12.543859724864358,-0.2271453199260768
-30.293501852360073,39.063031433592585,22.87246020073858,-0.04036717575533607
22.897560219246344,-13.571595658630287,21.524813834698698,-0.0074040882524384535
-34.063411370808915,-47.89442673492839,16.17289755226885,0.029385718983135724
21.829744162981356,39.361043794951854,8.127878242149439,-0.18884095854939129
-35.55345612501141,-45.606610844304456,30.80926605787584,-0.10342272449765604
44.31313475783651,30.855888519531888,17.92578954038187,0.030629250804495974
9.298962417738785,20.00310818124619,35.238632903802646,0.08134140542778683
-44.40320218937666,9.550369110604208,20.398238479879964,0.03283203209149295
39.689350351774294,2.1792817272857405,32.32107196038477,0.23423967109149466
0.00010483064373545403,6.584364938504308,25.817597217421966,-0.11193253715917907
-43.33279916234436,7.270111428122419,24.546784967082573,-0.11697737644390238
8.521978091877394,-32.77678647706315,4.547540767747538,-0.03361913005918216
-46.20045254306666,23.789505986996417,48.744858552689365,-0.12764139175879344
21.685469164310817,25.899400361843192,36.56345372543739,-0.07677331557707738
-2.446954953015826,1.083085559399997,33.25012348850829,-0.12921483562123465
34.39795848546753,-33.95179600729743,31.00348921842298,-0.04654687920593312
-49.88043256167292,-19.057306974615773,21.045404703161914,-0.12367857512655608
30.317605321645644,-42.82989570782099,33.70130055470803,-0.10299127007241478
4.551037795635729,-4.29645014681148,14.059768065714017,-0.1405471301340955
6.031722073758139,11.574580726367678,28.466175760430286,-0.051591855334145974
11.768008105639268,-19.797545398560946,23.35758939228362,-0.04262790949782716
-23.00032634744452,4.101681015980951,17.53647051255219,-0.05181475233049883
47.308608967662124,-22.072229471537273,37.326724717017505,-0.030594774470349584
-19.55558538211779,9.532574596286423,23.341195526745096,-0.04469294592863419
-26.1850044748128,-43.117982790763534,40.767607679955695,0.10644645919883688
-14.977853158783219,-4.066504416957585,2.2781607846322105,0.15144721243219655
10.181689589532006,36.668155371811224,1.7063583398406412,-0.1171477462730429
-42.13352558826614,28.90061401392572,9.620933056324937,-0.05972999093950279
24.067788581806767,5.049773593342998,25.285389756973554,0.1326872187371289
8.247802446550033,-46.142354071690804,23.508265246007486,-0.01030299525022145
-20.668248554084244,15.528201516582754,27.336088561340066,0.271163257344018
37.06947095446286,7.7472445194318595,18.476971418049192,0.06382554084762164
44.241588950098546,2.7743399394439265,35.22991391637941,-0.05523985589968072
-49.0069922762681,-41.90961572031967,24.82563449097067,0.0762083715865099
-24.891673426833126,40.73846432163745,49.83973397888704,-0.05509823849221229
-38.84957003557004,-3.514490520943447,28.26955976262443,0.1918079777737341
40.250868323303294,-18.801527323096302,43.377371839666836,-0.04998034866852185
-16.215622849636468,-24.170002201388698,44.50493957646447,0.08461669599213875
-0.5392189538132328,6.230078746590081,4.929984840012825,-0.06138719720886336
46.427103831266265,42.39679859321414,22.59481328007476,-0.04741877846381251
-40.98775349845572,-14.830201134239573,39.424606701070196,0.11311294467245134
23.851648652953358,5.325129188880631,28.361599516814586,-0.040083321102790274
-14.480137937967733,5.79944087437719,2.608676786557984,-0.03213384421737401
44.75645548868134,-25.349633971391672,46.16126563848305,0.12853823320801042
-1.6824109848396134,18.748970001624343,47.29555842697964,-0.004647321506138229
-7.437208155878409,-26.608593155984394,24.733277503042583,0.3231258175582736
-17.97523771506858,-30.496511970889472,8.314311563122557,-0.0007809158830707401
-15.397547540963409,33.037364315037635,28.596419327748578,-0.0930522492063724
-10.737105929004251,-21.815207017040585,21.999921924475206,0.09419396241196248
28.9086133072948,30.911597541384822,0.740770311776201,0.06061918256961936
37.5694795446923,14.675233855746455,42.476372920137415,0.025619470098308644
33.88430876830391,-40.74728175339808,31.870205081262547,0.01849788085564818
-27.046931750443704,38.5797091936777,12.820877393339636,0.0016052979126433724
31.449734055073435,11.718665760125205,35.109751821679616,0.03849658227110987
-48.20877962386517,30.741249905419423,43.130314592682076,-0.07117052830273948
43.25746077618264,-14.088964192643374,10.170966068360954,0.14202822111754207
24.773793460078053,-25.2846630815324,9.655462293907846,-0.05538498249542955
-31.99623930400346,-6.735939752593879,30.257378123800365,0.1442224812063746
5.856323659888886,18.266066115105858,7.448855749267752,0.061163802378171296
27.553830077057555,-8.985688443344905,49.1750808351563,-0.01583774812418453
-25.870801117387987,-23.53641330589822,26.28284955856835,-0.019728558679286506
-36.161369507265796,40.108041953200626,3.607792394486226,-0.02774362568655853
13.2215692386497,21.562575811138046,4.0102032842369075,-0.046685643697431986
-18.890676315389577,-6.589915308707241,41.08591728227713,-0.014931800554252745
-42.39261729271854,41.205061198682756,23.070366016397927,-0.1276024283081808
-36.31771356515472,-48.19682085461331,30.474451501002324,-0.051960200837605705
-31.01525007169127,-2.146516816778764,42.344751325781885,-0.1552555488551152
-17.335619313113938,-19.433374153907735,33.021973617838036,0.07519954345246407
-23.50648510300619,-35.09246109190551,30.683767630131513,0.1884374754249263
27.323672153757883,43.71051607709393,46.3177732888637,0.031477701491436194
-11.166761533031618,11.417437119453012,49.846470524812126,-0.022568843602775376
-48.267088036640885,1.046523646312771,22.197886842249986,0.04615638220173758
44.11867852101554,38.24060226653397,2.4874530548463003,0.027785718139970165
8.986573590999392,48.12874695265599,43.04810685292319,-0.011195813152666457
5.394638061670989,0.5819519647809344,24.081573918769113,-0.028558108789111143
-48.21017402233541,27.683210521063714,12.550639642809724,0.19512216986409606
-41.91509639755665,-0.6659905100245496,5.655623356491358,-0.11033915837883235
17.970254164359773,-39.140481805352756,18.53346593954112,-0.02560878615964571
-42.9917827257134,-38.659482303929764,36.77926786339297,0.16826104749200307
33.821067043899276,30.24849276390617,47.73195374124958,-0.014041426240676159
36.297930028899145,-47.66679348191764,15.522559203540181,0.015842707487324168
23.085265578945553,4.206798237464568,32.504959148369096,0.10454321237294785
22.733370873106367,2.3003739548260214,22.91897277085563,0.07672586894061204
24.847588891572087,46.52364356101435,46.73156482149715,-0.07210364515169503
35.58254538883814,-1.5905282218326562,29.11891015410012,-0.06980305887499372
27.94344463647691,10.439260155385476,7.850276049126192,-0.006950519137143956
-35.745792816009,37.76563786951684,38.86085891992829,-0.060697445173446656
33.33123488269915,-45.87803339891572,44.31335318605287,-0.01894314740977154
-35.58203573162385,35.53599156598544,44.04472980327634,0.2601736422282597
48.54189694384286,44.977541096495074,29.620459405528678,0.006055411586683809
30.85040187479079,-28.830508288034462,14.07816389235142,0.12527637445981238
25.500878341481126,-26.300370880975898,6.983423413985451,-0.08696488126734256
30.340111935864016,4.165669022669526,28.301112920678133,-0.13135912783188824
-49.9625903598974,-36.34259196457109,43.795320178331856,-0.019612607257375885
-47.13043016001321,26.531376259476332,34.037159222867444,0.0008596968945919575
19.24628366373898,-14.928482576935501,20.418020165979012,-0.017407690648644027
-34.45307097218944,-33.77999067772647,5.89416347987024,-0.14292906345503706
-17.968254228776814,-41.18769244021935,47.2385534415124,0.027350690477731823
-11.297813894906561,-41.10789930503632,35.29678071051226,-0.10780053197311479
22.72802952463759,-34.01479034884075,20.911170783190986,-0.024557998752445926
-18.617716063887958,-12.446554861893588,48.15914333295859,0.09596293688049667
-7.771153100085236,26.65886767759173,37.30609360557215,0.1574795957057792
49.92423263207212,-4.212969923360447,11.49443921358842,0.046317826530394714
-14.518092254828652,21.895980362102478,8.737832323875688,0.025642998013626097
19.94585711470384,-39.132951476924816,26.504926758635943,-0.0942795954395554
-1.5001614939351242,4.273769267274474,10.27892578599241,0.06027257326339084
27.449334118203083,-1.7116787735525492,11.215403437862959,0.10219689076225463
46.88609770040564,-39.153485381900985,30.352341122070303,0.017243717564714926
-0.8395204077260772,-25.849287669892295,27.517378714928668,0.0012934053727203644
45.25603133105179,35.899814822778694,34.70312190852273,0.12689040761617704
8.746223382743324,-3.6066730420913444,35.93048308838918,0.06203586655082125
46.5749653527552,49.616335703114714,43.451308029662016,0.04219807410188315
-35.35829970990781,-37.71850853995771,29.389338009720404,-0.051313483340994115
18.2672469525168,39.64042644235897,34.78767344650314,-0.14004096030771856
-12.7699691842449,-44.17337971433177,10.74599582290648,0.12363283078935433
16.538050198070252,-44.649815563194835,21.96086845311511,0.0626688227792151
-42.64094076537932,-7.80688183554922,38.03951826200281,0.04295868535163422
-16.43115152019456,18.455739756585217,3.036380916853937,0.05597595751955719
33.32107819733105,-5.601240526904775,11.097800981165795,0.04840875349272572
-0.38818068062486333,-48.69170701410055,33.053909688157006,0.15278633358496838
16.978215341231106,-36.375663193957784,38.56700201175246,0.027800452382522805
5.709177627315157,-43.86176056586909,27.17160964190059,0.07593855692171994
40.831440162369475,-39.467166828767866,43.97467694048229,0.05439308544402448
-38.50228598546688,-28.475227792877977,15.413337696436496,-0.0010679528903197908
-24.821958861722138,-45.980288109739874,44.93237965602531,-0.049588939063439884
-45.91320341457566,3.802188921841285,37.76713879384515,0.003757006864847292
-24.18080290294935,-19.994032955393582,16.377481013200985,0.07713653588095498
42.1226809510286,-20.899504862074647,0.7120018218557511,0.11676009569754321
31.2558198623764,28.756649381783177,21.108510060526086,-0.05915329161054699
-41.661963836491324,-1.6228362808499028,36.62378325565123,-0.09063398756250929
21.684912168238014,34.44113778983325,46.083697313357646,-0.07344873234750862
-47.886002467161184,-4.527854151155722,15.74542390654115,0.07636450962511918
-23.496517723327525,-36.49114798240777,25.317353012913735,-0.047111051261970446
-0.10019652378309019,45.10137735662383,20.298098098111435,0.06724543363396336
44.901834462733675,-14.457617386471156,31.982792869475634,0.009448296071827048
-49.408969125554904,-37.85885967834406,15.009257564828538,0.11299475771167775
9.733280615810237,43.25825214099565,37.00772414801883,-0.009849358046535311
-4.252920072156471,-2.8045025212406784,48.780200400560666,-0.05450113666346874
40.16505083727856,-2.0412563740788343,43.858378642055825,0.027013447427656004
17.874239473071654,-4.220246582834484,15.774198970233384,0.026633013610335283
-8.85765743487542,13.670592352476206,42.20123052333459,0.07986716910748347
47.52421670136606,36.01116026079643,23.435410850190834,0.001081548144575032
19.9977944663881,-28.661288291090326,32.70138338536146,0.14011663667655044
35.72716596398425,11.711948088526128,25.48998276125162,0.09333693891596165
-31.007309583388075,5.556673319767889,47.672540868017244,0.16640000393092727
30.644663401285115,-1.1986350805404982,45.464339602535794,-0.005919665946455689
41.42658937977896,31.378878395077052,31.727364701962575,0.017203006432460307
43.5646632294435,-5.70770138884118,4.075849752929201,-0.053137241195293006
-11.061735879597414,49.77358022203789,4.125442246151639,0.03823405153749051
30.90945001748871,-37.42382841174444,33.25811972053393,3.371316057604953e-5
32.70011793579329,-29.264131030537964,27.89288234847008,0.04744174683992876
8.495351673227972,32.69486451115979,19.24410831376323,-0.040236482058143785
9.551748323952701,-4.415842823057723,28.407007226545428,0.011118615025522643
-17.293385111265636,34.09311831051049,42.64651301177259,-0.017732258974963555
13.917996153048136,-49.202395866174655,29.425001804289636,-0.013346276349423243
-12.352941889905686,-37.03966063017117,24.063950378850897,0.17540535185904021
-11.68744074349867,41.68344973992086,26.01038568053347,-0.020195805382410604
-42.98591029654081,29.217242430831632,43.19833233749504,0.14913592889031016
38.71694414681467,-27.48149461305237,1.6096158481063716,-0.164795979079013
42.9380975042054,7.136147543111051,47.71289175384486,0.1199549185264827
34.07137924542512,-8.911996097854555,27.873241182482882,-0.07471479481480629
26.04227088366936,-17.258254147259798,29.723975458810703,-0.04195390291561073
-22.438235752754544,21.380640943252587,19.971232526659605,0.05901546651752956
32.058267915172394,-18.1067826897932,26.579264846433183,0.012452569986850985
-47.22829555672933,-37.052640228166446,35.2824165884994,-0.01834254936767666
32.11187117366799,-26.945306022961123,5.484578473655988,0.0029582752850607213
-4.539145450635438,21.19044346013432,14.799214179557524,0.06354885358096696
-26.527472296542896,48.34068344111927,30.44554953722897,-0.07646506303022214
40.86603233031896,40.064967811157345,0.8839370945338432,-0.062079471601261406
-43.101169718055466,-47.898395396277614,19.712757723048846,0.07669807762264091
1.2513497326352336,14.234941886314417,11.874817440225305,0.08130726372553347
2.835434987111455,27.16773228112821,9.41581083247311,0.12331415693668547
34.037573583042274,-47.9798506463015,8.334021211851317,-0.14189910561167032
29.622983296461953,-23.26923474804761,47.98661636245391,0.021127870531423495
16.0506691707656,37.4167691849278,18.45881483619381,0.06467561659377559
-33.4262064393836,-7.484307452611695,8.59733284913855,-0.09650984806335523
-3.6942833467637683,-34.63795142009367,6.61916895094376,0.0319599938806646
29.18140857429563,21.198897524323684,35.14530323178233,0.13934115673147196
6.280459123777703,-17.982459943117433,45.95287048282539,-0.09287723070414496
-47.23101183041463,13.887419824640133,41.196161958580696,0.038794893315144095
-12.957041256214993,42.36276776434079,13.861651394499786,0.10960484247468766
7.865983679382516,-33.34303465307238,3.5240951845325554,0.06291241093860431
6.572510186934323,-17.382443167306718,17.29926833873453,0.1054340720231626
-41.78196183793159,43.96388302663911,30.728825072535315,-0.2097082036148069
2.475410192293296,-3.232328779517836,47.99348737266524,-0.011805593798120434
6.279671174896109,-44.26631875746425,39.1798347306442,-0.14435567377298586
-36.170529282697196,16.386263840288947,46.815198996385895,-0.01964504694150407
14.846405035465608,24.22658059833421,12.795358107503862,-0.06040725345504403
16.601278387502475,11.276245924119763,40.33506513036176,-0.09824005144385921
6.872107117216331,14.038853255319452,16.644438427949055,0.08997992196929722
-7.733448440169575,15.948336566822434,42.367216746361244,0.08747906893105552
19.911283547572424,44.67238087343077,11.85420859385845,0.13161309542850663
-31.341464554962826,33.31059206546044,6.175831613909061,0.1248139420066361
-22.13788541266648,-9.910675790734558,8.915197507704175,0.08121036831658499
-47.71193748990251,-49.4560436431713,19.294582895387002,0.09543737774349195
24.936158134403712,3.253569815855485,35.63985474932317,0.01294190200696162
-35.46115656626513,-42.80581879300443,26.80666480943345,-0.17527727235749752
-29.068379102393582,27.704701579311347,9.866102694038359,-0.039510025953611534
-3.2842905636195496,26.009091659909814,17.92907459504062,-0.04672731804452135
35.809064336072424,33.52455594361676,28.907563136895785,0.0883538077843952
33.625725323511034,48.890782282537344,4.875861678110599,-0.05187199676344494
23.80235060908123,-12.048615063540666,34.56767831059878,0.12788884133830972
21.23295863965282,-44.42443897310868,7.3319542585861655,0.03508449633267924
27.72690928441756,9.957793246509915,33.07610099911061,-0.07222696380729256
7.301632293990409,1.62048604851163,39.273849053013734,-0.05766846815406294
34.6252346316646,15.05114591078815,1.210011430932384,0.09477431119206044
-45.21639500505529,47.09002557512787,23.105250561526137,-0.005055161329887414
20.347937773411587,14.344633856489864,25.336757506387837,0.10497763341654133
-4.656927847404802,30.072906707233898,20.053241098844655,0.047926725110465966
32.79747681714933,12.568099102679454,39.193215268073175,0.11163695025174135
47.01539607950093,48.4147116128871,44.7318469063421,0.20488150164051513
-28.22977147376653,17.990743186798255,14.516297167302634,-0.1253150014655183
23.987724215132317,23.666040536566285,49.4414971659897,0.019802570028957116
44.713103452366155,-3.0412241815716996,1.477265377384146,-0.041225170756155775
9.445886901510903,-43.87264455643639,42.61131184364266,0.13994753963688722
34.62989746550352,34.69781194368727,23.415404583971117,0.12398342041284638
-33.560955700019115,-36.333683495866154,38.02256666644534,-0.008617148640278474
-25.950981727917544,49.63782270543895,43.40995700586079,0.03401944205379191
12.547383364065212,-3.341705687780049,2.2511784460539976,-0.03509022273925768
-40.386292768509634,29.57026150720445,43.46423562214939,0.038655921540844324
23.018407337826673,-3.1848232161706065,22.665187595630844,0.16196193770977788
-11.674165305936015,-7.817373977983131,43.990634097247465,-0.052422743005104896
44.52869965435346,-21.889652342756307,8.750480925306793,-0.05113087007878414
-4.255803994712352,-30.801359027001563,14.295853929165519,-0.02004757951768942
-17.422147240247924,37.1776660664691,37.922534540215196,-0.09810650764618917
29.68270487356982,49.26644469410871,0.07033096909301317,0.17409459995419885
-39.104274579971886,0.037479097474943046,45.09028632897849,0.02681098889148643
-33.40002300097329,30.998722355074875,27.246931096766524,0.12166820523634403
-25.05290489827299,-48.69102377801957,8.322250939896048,0.002149790294102671
46.490428241916916,-1.4020731919088405,3.870464985717059,0.2596585760553568
-2.000518266184258,-24.159121617114167,36.82236744954417,0.07141431552068914
-42.495720757198995,10.481393070662158,1.7304846209410363,-0.0403541814357953
-21.7055813247672,-1.4809860065875924,21.880764112727075,-0.004056787186333473
-31.61528150391447,-49.15814761886923,23.745459527118374,0.04552375090748112
-22.97163699906274,40.51229227439053,9.854294578654411,0.07487837150906236
14.881155831591073,-29.906546097711285,28.520464871396477,0.0023971963811295635
-38.24510488802949,1.7493485943461877,17.920659470350603,-0.0211793170441501
-26.73354003755768,32.03123729325034,22.690802448109913,0.0583587396074652
26.710233066686044,22.90942348081653,8.279951479071885,-0.017092676533805497
16.868901063502634,-47.98369441911624,35.13066520140112,-0.07329091335743954
-40.83298096406837,-24.272755266270472,14.304745699440064,0.03289500096913633
-33.37698349632082,-40.04744288895186,40.5491438737111,-0.04379614640897245
-7.905731418985987,-21.77451022208876,44.81107489874388,0.03699641146382559
-14.06769499759438,-10.54684387414715,9.962247891966863,0.012286140841953315
5.156695236021761,35.18485322670982,2.5573277170092226,-0.12923786352559793
-49.99129352356133,-33.33426866829936,43.537319641954255,-0.09388485700988276
9.56123372156086,36.699746059546385,49.340517667989594,-0.07058065590572792
48.97752463000225,-38.38598020453324,7.831239699593229,0.13806895200941458
-24.61390203396636,46.093749554442866,20.871919819171154,0.08158789879131896
41.75206044979035,-28.723215386470592,19.84449438373348,0.06478279743058636
48.87854980729854,-3.7879463833355302,20.44046987176495,0.031096543912517045
22.970345732074293,-33.37824793562585,46.55563649243179,0.016979123718350107
0.4189486971195464,16.085244080739628,44.68818842643048,-0.08050945758709606
12.459727267701062,-25.992724876432817,47.587343987905115,0.12183509926457468
-16.99792705098423,-4.148788847557668,18.34904441115436,-0.1490405654238505
38.36148209240568,27.045375661450166,27.228930844183534,-0.2197123288118861
22.6559352582062,29.193279390148376,47.06925198825538,-0.02295970548884347
28.00146733511427,-7.050137864905928,37.28927717965592,-0.15459265603075692
-35.652239828391394,31.351196892921067,6.875055192972379,0.08424122360488538
-24.92105181658777,-42.16865168593574,7.255407940265746,0.13387541220366442
-6.581953674679966,7.9753353162293905,47.13746334621093,0.020493318549092324
-47.304240664298156,-9.814724782081463,36.23487553604935,-0.04964217480795146
1.5006293035682319,-43.29288810453899,26.835485360622908,0.22104352685208406
49.37165646526033,-38.48843736578799,1.1687966050253962,0.12268959411594506
24.01099169878445,49.9264576171734,31.267184198847147,0.1119532501189997
-16.565018420604673,3.7331744967434943,35.440397212522726,-0.281594799027242
8.499598237607906,0.8049664342698932,44.76335859743485,-0.23707869066563278
6.113008797839711,6.664883183865037,18.099513867778118,0.027045153301442866
29.453397219894455,41.67397653112924,45.227149241936445,-0.12179498443035092
-36.21860215213023,-29.67463930230403,37.6098623509594,-0.13241320077101593
1.3422695456000966,44.96020566670535,22.23685325410199,-0.017613644827374365
-39.62267221476572,-10.67374460409414,19.99008580802887,-0.068381082290845
-23.297530677827005,-22.979031253432257,40.574212904569336,-0.035013770540654784
-0.6138592563479932,38.33107894267572,31.92090062732056,-0.14882865309173035
4.504633099731706,-8.97617046732443,25.881467436601746,0.10705290309866088
16.31583608678544,-29.456334461891863,33.07327537866232,0.08357762660257435
19.222779556240283,28.340445042937645,15.746501192254536,-0.018555963488736768
37.80351664010955,8.97950426095597,23.585612026595822,0.13717832235099625
18.552752273701074,5.0713405120853565,5.3885217565732555,-0.08577856255667363
-15.137225710020928,-48.34225851186681,16.14367032409148,-0.1410167372204382
-2.871783229507116,-25.24497779705779,36.051840262676365,-0.017719335582397217
-35.03645949290192,17.74438768042708,9.671040735747377,-0.11026048443707608
3.0527800420283597,-24.06997041066754,5.533928563335483,0.12895200657267197
24.135647357851667,37.053095383863095,15.831294760577508,-0.11911187843710928
19.02300021257716,34.91112561040384,25.571712421986426,0.019012688537467622
-0.06619589763759848,27.125426395905137,16.735959996322492,-0.0406928431199322
-20.15387150866843,9.003156768407273,34.052626278480616,0.04690862718841662
-38.235003387750524,-41.09056163039572,48.96939307349663,0.2007645515017924
32.85815137205519,-32.52113642101343,44.93759112785185,-0.003304305460567878
30.53279795086567,-48.92603702993205,25.04844265859896,-0.08683248729836701
-13.188436420297819,-31.60128929861473,47.81348461249175,0.024948527405867286
-23.513350955969337,-30.990232862007282,33.337367654015154,0.04209077415236582
39.93508510103622,-44.01875990239732,9.38185098708516,-0.1189891201481906
-44.31369856687225,-45.519450695910265,19.71631527155258,0.0826661886929915
6.093171095506754,22.236485722713752,18.326241788881457,0.015810991053761356
-49.303424728649105,19.31702760968929,26.899970602703327,0.05594372340407
24.54473904050849,-28.825676633830753,46.21810997793509,0.06405391893049792
6.34800233775178,37.312099587491005,12.396513268446574,0.016124164890572012
-32.5429423621722,-41.45838756867677,34.378262688728604,0.1121292293934687
9.85627100361063,22.925556793708964,40.23646786503006,0.06101566634122815
-36.16045248111712,43.7689950736969,27.2731067322392,-0.05122723624513167
3.2530920221648856,36.91073395644719,31.105604583040563,0.11389670330220186
-26.959335481389623,-31.070929072662288,18.543317452579622,0.030255380607791416
11.801957190066744,23.038656434214175,38.04375930323507,-0.027069121370165254
48.89918017757225,-9.896605304166982,20.657349562405507,-0.21140273735227333
-46.51374879349526,9.789634428150173,8.895671089411433,0.032933420536767316
-22.292904676772928,32.58105015936799,34.81444874684138,0.10709088467503527
1.6065593986049578,-23.023829323734045,44.181695711045656,-0.06798115555099346
-37.092052056712454,-6.109896393819113,37.09729520114592,-0.0671422576277911
-35.145183653571266,6.767789956522222,27.536805421536226,0.0754840265345387
-30.528523738361212,33.77031659418522,17.813144777627837,0.050017499679469654
-13.825618862510893,-18.480488462548117,38.1151839448169,0.04171911072414217
-22.990124508534137,-16.73370208853381,32.8779980088905,-0.18893480451998912
46.50487367768994,40.67668635788981,8.077433414858964,-0.10175845985199752
-21.246320415273555,30.103603842779634,34.40480998003244,-0.13824110461239333
8.019476177893395,13.815359803980655,46.3604846817772,0.04245789264513553
0.3944060057119785,10.126331293236767,9.69247083474123,0.029527859633480112
5.543425958144198,-28.568663532304683,37.082524582091196,0.009935999346277586
30.941190135577173,17.585499154421754,40.711352237573564,0.07925792388356555
-31.511460579916616,41.336495403233755,6.517385452262092,-0.03723979763749139
1.925068999112355,-29.28357696686493,11.977298190792435,0.12283867381574046
14.681903266542832,31.76253468089321,21.158403810609926,0.013888584795767382
-49.31702070896641,-47.251580812352444,15.454581654765615,-0.11289265211840828
0.13457014251394384,-25.198539410761846,17.66323231214255,-0.01662382693707051
-37.205782246104505,10.097599482849994,1.6459399281905762,0.0563228078594485
-5.7065600370072715,40.47486099156116,6.046768840454514,0.09085197810658419
-1.2730626692998186,12.68971141599011,26.37550261342847,-0.002014355147671743
-20.678676460969236,10.687661289868814,32.54326299373166,-0.04532479122701039
-33.63840290170711,48.87083818758502,15.017021541551346,0.02591705367219045
29.981267950858495,-45.35237842671628,17.206607641893513,0.1813720435726356
-36.03639583679893,49.38340690889257,34.51528987816978,-0.03771624248554008
-20.772716662377444,-33.73517026285097,28.6651861803821,-0.04609489018354366
19.89328626644722,38.55173926446875,5.883169929090154,-0.05054502646107455
-16.68415668225626,-41.864930907015484,16.165304956237865,0.07979460415066982
23.797254421599007,31.088049691906463,47.49875609263706,0.03763849529156565
1.2035814790227448,0.7801588005392404,17.179833435942065,0.005217832116511209
-20.25178973269871,33.27846332576442,8.384132290087715,0.01968953580459833
9.418277420576516,47.81939367847184,23.55397563351356,-0.001985150312064115
-3.0050377041260816,27.03517838568331,41.00473357884572,0.10807630774128904
8.298273087777808,20.593848185696856,24.110045966249444,-0.032599103173982756
5.5171721404605165,18.059544510638304,44.767712763592606,-0.002717486293633889
-26.25755998288104,25.378902354485874,24.768183683782752,-0.03427378575473143
-21.151446047141643,-33.30471701039278,25.677873469814415,0.10927185333306393
14.320738302471653,-38.88112273833224,39.51435098266989,-0.07496737742982083
7.160854119683478,-47.24394787675313,42.72734860842372,0.05840919983923696
-41.49890048335616,-21.244290778954365,35.7680208019017,-0.1300831292113904
-18.507561994568267,-22.267402639482825,32.63293987241741,0.05159898459712928
-48.6556291765944,16.910984064873773,14.909228387028767,-0.05100333711998675
12.818860371258737,26.38593325350041,44.63799743138402,0.02296375114295576
49.08599564389732,14.138157298062097,8.15662349881045,0.014788598075371518
-37.89678388014601,-13.903813945427416,31.49790783360305,0.10001214513002847
-45.887845653792766,36.958728743369235,33.63886343544992,0.26675895194503424
24.807392642048825,-39.01460084500009,38.463428301868056,0.14036685385687458
18.250696873961573,-42.55153175198713,23.87812887020416,0.0012724738323305865
40.587472495899476,-45.43589463695899,24.398869409929098,0.12805289952735674
22.376514918515227,42.57012808459815,41.31947195282663,0.04387092718332479
46.73179988506553,-38.26623553655961,40.97608355448878,0.12348104491765483
-44.37199503373306,9.39934461499837,2.833109371015224,0.08984897302687625
-0.518749744741001,40.63204806061246,43.403538473838466,0.14261561215010318
-16.065628247690853,23.60390923840555,15.84823449252747,0.014165423894210284
-48.009067582550536,-32.61013837518991,32.75042312193997,-0.09717677920075041
-44.29416153334049,35.7750588093341,8.078948428938066,0.033620019695782696
-29.551810329051843,-42.542347611270614,10.123207324151927,-0.14662734596884452
-12.101512865469175,-36.419466038875846,27.66230157041821,-0.02984704343043767
13.47847339042778,5.587744468963571,41.26201778856472,-0.08933764046350519
-0.5180027629991386,34.55863854227755,4.724645384995096,-0.1115793862231755
41.285049110272254,47.09754060197113,4.760682678719053,-0.04400748178797545
8.438665396839781,-12.40866708935787,6.998838222777614,-0.06685708925764883
0.2430925615204984,-42.46101195109833,3.3083116102378627,0.17355119105927383
-3.042652021092252,4.09206469041348,27.870491307271433,0.18871841068247647
33.59190388158896,29.887780825939856,14.672429335345443,0.13061616943992174
-28.910719311343513,-35.21735104185416,23.74479263094281,-0.08279355292523802
48.20498551630922,-10.337518174393402,23.42211975808616,-0.1568019401049469
-15.519257951548127,-33.760945836819644,21.873582056251635,0.15920770934050826
19.942013508273575,-5.657021725274838,37.61881337983274,0.17914434383188088
39.61548252878934,27.01959061684002,34.21622587051279,0.0033587008561852412
-12.559383215075115,-27.475245648562552,18.985979267920648,-0.03392393757812104
-5.061375317898467,-43.750825946175084,44.85902940871124,-0.017673357475382102
-32.60177971226624,-37.219291774459165,44.11749112709414,-0.054344833016121856
-34.6117521387189,-8.647572888356336,17.56615221980177,0.08924210341470047
45.62812497714367,-26.952544685940637,28.73562238982867,0.028326590283864632
-22.371664135719747,42.217145239302155,24.636100151578926,0.03416789256513427
43.47081036826327,-28.858069831560574,5.3025108061578505,-0.06322269499955464
-4.44595984707702,19.306905237635178,43.11231529026396,-0.09576558226410196
28.960150363470575,-21.706663127063873,36.30299792747746,0.10256283994130218
-27.369502828589,29.02732902434913,13.62985290810752,0.03238555240939276
43.02428580590694,30.813639756686584,15.72221928994662,-0.1361911698562326
18.412350288783102,-46.55493678077705,0.13512264842454047,-0.2024887854998799
-10.234631698764886,23.56694304892231,23.891592180435122,-0.06482629711030982
-40.48451966010709,37.21781207166646,9.936541939297427,0.005980273604370736
-37.124461738532375,-41.539853470643486,20.829627835257575,0.0826156092441149
-41.05711763656722,0.38019216328313377,47.56104240697916,0.06379500693608621
30.930511361541747,-24.81887120938412,23.64129681609172,0.006575806461321813
-20.38762294732348,26.443670785189695,36.19337164645181,0.2258864239155884
44.303335161679485,-43.10314540586718,27.21925587342732,-0.041496638554998556
-3.5998631139397474,-29.58307925378896,40.369680812166436,0.03537482674533603
30.09313466750126,-33.1307029767338,26.762551182331997,0.08248143972342271
43.33414495346372,13.773979659566152,45.05816370211144,0.02387415916192037
16.45003524741513,26.956069966956136,31.55483930603279,0.10672463734210691
-41.78985945761562,25.15521032137174,42.96519052433304,-0.08171937435705609
25.60270135479921,-28.860145184626674,18.814326088142174,-0.049556600258363386
25.07723197773352,48.750292471927224,8.03354926732558,-0.06895245313641606
-44.39208536931785,22.93507417974277,22.222285129908048,0.14170315961173466
-48.4201946559439,-18.93584413397943,32.75999807338951,-0.09781842931881744
-36.957097788747795,27.895389679406563,26.153300823576874,0.010563693653868545
-7.193731614339647,-16.624159793010996,41.941870781106196,0.024989748909629603
-28.474531438780794,-35.06201618631862,41.32013959075734,-0.0027256060247934817
20.523802617479674,-25.825146468469196,0.6362834876929291,0.10547278144516328
42.63678919258716,37.92549963051316,12.675057194399436,-0.10734786176785793
-29.50814361367523,-40.42595373787813,34.60386804105319,-0.027785140901811545
21.390754260009373,48.01131218238524,35.61280276520131,-0.08217505737865553
-18.67572541901944,-22.825492278010017,27.5459348005385,-0.08050815265746468
41.442702568756545,-23.72597100489211,21.2034894668441,-0.07993443116906081
-38.71543211811125,10.520169351825736,12.269341149371627,0.0044900415249248
47.95731955338012,27.876202288240265,48.465167211527195,-0.1758112885229911
-30.560259199705254,-14.207978474575789,31.71224520566082,-0.06128553135906383
-24.940767492459116,34.640104578243296,23.33618748255596,0.10013884418536442
-39.46120246620504,44.66424865213227,5.82453932683416,-0.048708252881476434
36.67252765439784,32.04849689679823,34.56768737081899,0.10961457957598694
-37.637731144510845,48.61120888365109,12.966421721638794,0.14203737759935722
36.44368271392386,9.885637130010764,10.853231865398227,-0.01422023079560857
-43.57791663121118,-23.560917657295033,12.217984685328066,0.13978243205482865
11.855809264772319,2.849492703040049,7.356071724524604,0.054022869796112635
-7.640561773034534,22.149301742763583,3.215727946943858,0.10473439850937444
-38.28468564188068,-10.9217119630176,21.551661131711313,0.09339221785875834
35.07765618068552,-45.26116799418962,12.081178209819276,0.127581885638939
-2.551987938257291,-41.57167315529611,41.31237737528058,0.04277704763802605
1.868501570616644,36.990539398669966,42.30472623908604,-0.13396469989320878
22.122469833558014,33.40010458498044,28.851872671229867,-0.0006649301112403133
-46.3324073175698,-46.304085770965465,0.323435203156075,-0.14798051197012513
6.750128762919438,9.941924265312515,2.361917047889267,-0.15863206665270194
-9.833444414374014,23.093633251804036,25.390894481650545,0.06299852028581422
10.531984948185759,-17.357323173706476,6.176738694206757,-0.0029173811370091013
-8.702574831592983,-31.667951477141855,9.566400576333113,-0.058634442581916635
17.260888299060312,-35.89653804252738,9.505223403456736,0.05628570227658407
-27.16861022238104,19.21840001047474,21.973343364529303,-0.11725948963692731
41.18524700532656,-17.249440622380078,46.47930912101986,-0.06257525499926873
23.835561785463184,-40.26129789704167,18.119757726704588,0.29035576941370256
-48.2722500341118,-31.474578706276247,16.353217044600626,0.08212287290209802
-16.03408244517133,-19.661374715286726,38.70693049549254,-0.1584809581083537
-31.30724706286547,-41.13199593827092,46.02404701247269,-0.10700041647020424
-37.70576171569758,27.031457961425858,17.28487633303888,-0.05032443406719069
-41.09468004909127,45.980704977502086,10.879591406455841,-0.005195321337867748
6.930078026772755,-8.254865937442581,9.917297094187976,-0.05072965953198641
12.620342534093446,-18.031537753065617,36.47997125032176,0.10660262140949567
-30.252769910723842,-18.783291819231984,23.993146874659637,-0.15532759965545345
-38.50042304591695,39.0370275238397,34.52482797371348,0.0028957725844186914
-45.679309744736884,-10.2489407037624,40.6081771606718,0.04539606658388401
-16.740548981461743,0.6805040424599369,32.695302437298835,0.08720235055441454
0.4121413168762942,-25.272153873679095,12.080424651654015,-0.08138095515196898
27.346715764301678,30.142999988226364,8.575256662353642,-0.09753017071814618
-41.44813613725694,-18.007077940693982,16.31313173559958,-0.10688247573026873
-0.13584516286520198,40.69940667825176,10.795736035092574,-0.12305040133375239
-35.90124851886215,-13.361046974027488,38.40504685642353,0.16833707418695154
-25.564884461542835,-38.994162396229804,38.05031836626158,-0.08876341408609381
-38.594272386023505,33.360583090606326,49.23110505830452,0.12867320256743847
-22.415980305026928,27.260282190015545,10.828334747745394,-0.049890095891803446
-33.28355504339046,11.39350262320805,2.8973850703101043,-0.07470834411120682
49.89083569554748,-28.33144343101437,11.271154007621991,-0.02528050032017535
-30.750583420725917,19.968934459308556,3.3104324269471794,-0.00302825014570173
16.56202116825075,10.277288921290214,36.13825236969592,0.03917871852475473
11.878677891679011,-7.64555213460325,8.281640582625732,-0.15482676809733717
25.65425522191333,-33.09229594035766,6.177294434995795,0.158945592482648
-30.79523199631733,29.95510849026155,19.912879015841778,0.04179240048304864
41.07366448325651,25.203097688325386,41.25480681983038,-0.011504663152397595
-31.782024629529136,-39.50468327216572,37.14048452238018,-0.0252400852134317
-24.914101915655085,-0.3610122097730013,42.38185501298396,-0.09297313658171603
39.7130665949537,30.734183748569933,31.579415610846993,-0.011456749471262698
-31.778286704753345,22.372410393809048,43.034184863943466,0.08599957721095744
28.112239033272303,45.75591346987977,41.289267383487235,0.2048945158629383
-9.26167470618828,32.87544619151819,23.610831237764696,-0.018934625741038384
-20.540951527861083,22.660879280787256,17.564221614676274,-0.007354991964661551
47.39700296124768,-5.748457079971949,28.449695971935096,0.025664406956451783
-38.38438009248348,24.186036274984232,14.062019394242547,-0.10686032344412294
-20.879164589731136,-48.558558274809116,48.32541501129684,-0.08805383652503851
-40.93333738273236,-0.9335282288295161,27.10840221393035,0.0137984963780074
-1.4640553560814737,3.512352892172963,10.26316389452191,0.09462891256392775
5.367044250705021,29.908096341370694,48.41827910917696,-0.015926466199650255
30.446738510882966,47.013559536122116,47.15623157324482,0.022129235722856064
23.288168928284605,-0.20701388089729988,1.9511641956784453,-0.06503641051786266
-35.18285571948072,36.83313936721018,12.701048504813379,-0.07873887526622163
-47.04611237832494,-10.052633571682136,13.270074275293664,0.03543543441888667
2.353029695409404,-25.54182970556389,38.3397650302322,-0.04769777570161153
7.017124048863835,-1.8925317754301147,16.564499991768024,0.058881519864043365
-35.60070502532487,8.521425562675155,0.4887217611358796,0.014801319855854402
-36.0275006305466,-26.77250362156037,38.22070001580263,0.033959864655561306
43.74383431860704,30.27112748969327,30.829349128575643,-0.05491594332417521
35.09842168747248,-14.230512152380506,11.893818367038683,0.08669402892751214
36.83930385416707,46.65148843607429,2.720935582879541,-0.0794440178162401
40.23415880016148,36.331189865023774,25.093450389044058,0.043783016493020965
-32.931809885208125,25.95939300878537,18.247405473249113,-0.10762143207787474
34.035723414344304,-33.320596909887215,11.98661162047136,-0.010684634732761215
9.917171490176436,-23.67774034028288,18.437802771536948,0.016524894709236595
-38.341442417731486,-46.476633369864864,22.36742124361068,-0.0796266776932226
-38.78717689674036,-35.00066420809874,33.86245404823961,0.0040339990902939485
10.106041658672403,13.572600813202321,38.29142186834555,0.28747293892572817
42.88835637477277,-5.706566609126604,33.00144280889804,-0.030998962604009292
-32.08270614362283,49.60188047196664,44.183641674822,-0.09417375375220655
47.80297206495948,-10.605442017298806,47.133400430349184,0.14739932655518242
-39.48577866362102,12.304817525818649,39.29194367885792,-0.07082098856187848
42.93579348130102,-48.415221962699306,46.671676424606744,-0.03581657468637272
-2.37241282305056,-10.469918627041842,38.79873439832014,-0.09326328218599955
28.64492434353629,39.2442843526203,22.258543013410403,-0.09773775807059858
-39.71689808817873,-26.464152851339062,14.076326823962448,-0.025866095598621967
-44.56592364611947,13.018055712243857,10.348058188843584,0.023012026960827124
17.73769347181093,5.895178787255439,42.09120147876753,-0.09454807454470048
-30.256281939255903,-45.04340760013732,4.443809300395412,0.07937578824686106
-29.52138742877607,-23.841720824448643,18.107150136458188,0.0066675543446889605
0.9344733104934662,32.233419344376344,47.72171938685038,-0.06124667724439329
-0.3661564655074372,26.43267052762465,8.043407440629757,-0.16777486465828456
-8.957692514327611,-16.69565576625969,44.192143975062706,0.10406661636509373
11.601304878044914,26.353431835780526,46.546343788623254,0.03438013049987973
-6.543816278725565,5.634515430481521,33.577987215147,0.043873361874587596
19.46099338962003,30.45343388707522,42.44173278413906,-0.06494507332323364
2.191838927169428,41.76965310064523,18.411651216520664,0.10818969890009046
-47.950014495461005,37.97344015444018,8.000099058837051,0.019671764617024166
20.36113595113318,-49.11723851575457,7.154402367761814,-0.0217532408110626
-49.09886090534488,41.60040535758074,31.012414319818532,0.045536434918362956
-12.583380623222403,8.185044131705311,40.43940459792151,0.017732842430446902
40.09058061327775,35.58277370562402,6.199437016071135,-0.08589107518926278
43.61390453154566,-39.33944853516541,8.08107793714774,-0.009370625938318014
-13.522898477889257,9.037046527834114,20.037858760459855,0.23903197108604676
7.280775392264729,38.85061116733081,30.376357780629863,-0.02463521754630866
28.96924598302087,24.816359142084536,16.70167261053254,-0.009640097075362744
24.566207022828166,-47.6903479817021,42.913180899517165,0.08135534708916452
-6.063157029807229,-22.456274384608278,20.62152241920624,0.09549966487676657
-21.58257954984588,-45.9379796361411,23.969758220110116,0.0039039978652015625
16.915232804016796,-24.897941579772677,38.149471788342545,0.16738867667593937
48.7459901608063,-5.454427631086091,25.798445355822174,0.17923318892060883
22.536282921626565,37.59637095290708,9.212649255303434,-0.07369883680764981
-21.313587482849282,-41.822119679173284,20.536183793553185,-0.08165275935294541
-38.96065777746818,-13.05514426862134,12.805685065874172,-0.024888750361032816
17.43546844924076,4.86310030889652,12.72603665113176,0.18549080284378391
48.877658992328094,-32.19283221075703,0.5433390168568919,0.3264234379764061
30.89395580052016,-6.564839813956759,13.754336766955117,0.005143214373073407
-13.288381089443305,14.41597078985886,8.049814335559535,0.21094168233594895
31.68778602944961,-18.05957143737318,19.137611404765074,0.10495890323180983
45.77367985199443,24.392543920807213,26.111675957801232,0.16853399676419506
-16.72884624712492,49.53141446630383,24.32859742392418,-0.016207450485823206
-15.911471360805571,-36.850398202828885,46.50204925269787,-0.019659640380715892
5.0216318133530535,45.26446958189577,33.64426191826661,-0.05336311478392588
38.27197888482446,-21.892139923213215,16.099100390501086,0.004904332668399258
-48.37462844497451,-39.43794225137253,48.861099611944326,0.022999730692646547
24.941264325545163,-9.447228966910473,44.02207717214715,-0.1511376706529968
28.652416957326366,41.51084570828337,19.95253513861634,-0.05917915442159557
42.98699297435161,-3.5260309826180887,26.6241414674595,-0.02094852379049214
-5.4741892495384405,-17.063316696136802,40.902476256418154,0.11586140289241509
9.954257016640966,2.9594551895441725,23.30373954253447,-0.042359962259972135
-2.6438041130082865,-33.85949504730578,18.074375561649674,-0.07229181724163866
-18.766205098565646,-16.91842268933833,36.33468398438665,0.11161580412744065
42.21440987017303,0.2534640310744791,37.90270129025523,0.11134247712212182
-26.471818508910182,49.5495375488112,31.78527703516914,-0.05304217940478737
43.58831167235569,-49.245861326997634,18.949613686808988,-0.03532115296293181
17.602398296878135,-27.406060369274176,34.34246922319611,-0.03287940771308128
-32.85213312778656,-22.62264739354105,48.46010035991336,-0.04259995813549148
-42.52832634511861,20.82665537897894,27.693560343624412,-0.023022658017762026
-7.7020292495398905,36.997577214525336,8.927418749014892,0.0370899775585771
-0.17720977807164218,-18.987511536000177,11.565718424360355,0.04073798057281612
17.993729755996995,7.811811272627125,43.27404441689559,0.05174244798291922
25.18746188078505,-37.43555136581696,3.956073385946335,-0.06497526697358054
-6.902507273610972,39.26277627795413,41.161269234955554,-0.05881621872683173
-49.272430042593584,-1.1256874271221022,49.87426180135823,-0.15508320971543163
-33.44748197097385,49.402834105964104,15.377961831468228,0.06020544618652779
-49.613908437594986,34.340238508118276,47.722706639527004,0.12047289231057519
-11.554210816801948,13.00116092656458,35.691749711301725,-0.03685266962215459
28.253098580471317,-27.925889527131343,2.6859501708326015,0.12027178675927414
-41.622159814221746,13.445065188636548,46.912200799173135,-0.014246315020496544
-27.86710548121801,-20.406688960546816,44.51398544441142,0.16050651331047092
44.79582211498759,36.27410793767558,26.96701724886162,0.06108509138017047
-39.89413470451437,23.29124019439486,26.033818474082782,-0.14727459597056872
-24.753761715813837,36.64956484930735,47.44018010758836,0.040891314251288786
12.930709030927865,10.75763124135328,13.65756213437987,0.02579435545905369
47.46031926298528,44.52633962787655,21.837507852043302,-0.0656379993909399
48.46223691102503,-46.068552132717855,45.07026037802632,-0.0661754247327995
-32.68933538368655,-47.527971902814855,27.197901338526115,0.23402207289474325
-46.841855286854305,-44.5476134344307,6.825060599545118,-0.0845832175943886
20.391069100225465,9.971378415404239,20.81483488721111,-0.12644756231067555
-30.4990613457344,-20.17258850187321,24.377867385364254,0.024021522990835865
-4.194124682067887,48.92803901309021,36.52835587747802,0.007177026556267043
-48.95570326211599,-23.6008697635667,37.759859490110905,0.009443941218503999
-39.639913059649174,31.5680044288963,45.15773349895022,-0.03994195672547314
37.786114907906025,-49.42470436972924,31.307956296609845,-0.008181923840652585
45.23782784019758,42.66262915789699,42.22355032965989,0.18375193003645093
27.324009393861047,30.343590048075882,42.45385717348721,0.11321266377955755
-42.97080272047214,-23.656392532130432,13.45762531107882,0.1845122393128717
-46.85489610481758,8.323403142230312,37.575864651723776,-0.07562354314402077
40.57955694725325,-17.2632838902201,24.133895023544653,0.034598673444217666
9.331653946157417,37.322715968425484,40.5457029571175,-0.05678400405019257
26.48655615104998,6.562149427920325,14.613622444536428,-0.20557315160807574
21.693282479959777,42.65453011840616,15.44810148974602,-0.048493392633112996
24.622142962655076,-35.39807434353857,20.688100749040082,0.1225590227657495
-24.575158229073836,33.77168536251209,41.3217111406437,0.09628986791656266
-4.4589922847588355,46.556263196138076,18.121862682786926,0.0532988001877957
-10.081440128226284,18.236218414176662,41.64189970571148,-0.056714711485638974
-9.941229999763209,-10.97037314257431,23.948303340555732,-0.07198195037567157
-3.858088501778866,32.2253025197565,33.802465138527694,-0.04931685372953133
4.825783411709615,20.609115082285783,4.045213872368719,0.05565967293329799
-20.458797901692705,49.35558178643785,18.11133828388723,-0.07294670670607623
38.074955890732824,-4.433587129843239,31.88652394056402,0.10011326205496077
9.199259477816234,20.801244244823806,4.904248363568541,-0.021549273274300975
44.3408311031167,13.420321062613716,3.644118276363856,0.14854383156513282
0.1634865252103097,-23.95015928978963,20.14348666270284,-0.006411257975438328
-5.452479288239452,-0.31454296237496493,35.566721083189734,0.22111518698781146
35.587835176125125,28.158577070772267,41.600992593818134,-0.04265733931942692
-38.962740395292684,34.28087814287244,14.076498116206565,0.1000177873203553
-35.65276681855228,11.515336196654758,36.45316003577611,-0.09802451567525239
29.027641135407464,44.53915946938153,27.96217559000021,-0.07479635651311918
40.012761082077944,31.46909209750666,39.82258452431343,-0.17687924319604406
25.983406015740286,-33.67202317207231,7.916374984010998,-0.19238812673371092
30.32488888840858,10.35246670745881,29.612383409739046,0.02988372244489411
-35.58011449843343,-41.08218406648566,37.271295416763195,-0.16969122498742742
-10.136320851500422,28.34743685644483,14.146232602225767,-0.03831638721131541
26.677215710621553,39.09697813757866,37.695348748081194,-0.19944471279762757
-4.42329353849091,6.077554042373876,24.6454611346489,0.08917901700704736
20.700672207718156,14.890384959493659,31.777251311159656,-0.11638273207494569
-45.27038018260798,11.249686971475889,17.703384081137756,0.02690987605419634
-40.01884463269554,-36.39735768987591,34.41075840743445,-0.10662923980911247
46.25426332223827,36.19196427963038,35.007685265096974,-0.04735422086117677
45.16832517706028,-35.89704772227339,3.985070936404844,0.027675745805505438
13.791101604006364,31.380835648455857,10.752687173073221,-0.12372542272403984
23.35651184012086,-1.0909445135405846,5.512816626711631,0.0511504382683506
-36.76193266976507,14.671348004458423,39.2103430006748,-0.09969978829041526
7.912547692932115,-29.436040254579375,40.46906641575258,0.1644475197711089
10.806996998311867,-46.172492013957225,45.785411493473646,-0.12756061551229728
-19.606774870321896,-28.423959904728633,29.467293478199675,0.053324371129218055
39.357082393239565,5.496636680903514,31.297095663162434,0.1836961027267289
21.42155384733735,-1.0572419209960557,17.779625593021564,-0.07116843731899758
18.95334119615896,6.366366254900093,30.369967967552626,0.10374702470689394
18.640238950638278,40.464684781022015,42.005813559015486,0.03540376133125251
-46.99221175911069,-12.675522530574803,17.683410378850873,-0.05970478373599375
23.72828318104507,26.22776294038482,27.65310228763026,-0.06420420815697835
25.523558092552292,7.332926495838734,41.34005346029139,-0.16499607240841702
25.793878835675997,-34.56784145113476,34.12064758183895,0.13118607391170073
11.267576412256389,41.63876365894777,29.554078745273987,0.03167373459655722
9.999460461586409,18.418275694918293,48.270890066131145,0.016114569675388785
15.423155133251186,47.54005111877974,32.40132488566307,0.14457695571434476
-38.22586379663343,22.792259121788376,20.471996831678556,0.023002190512449776
18.7893660153603,48.06798008080705,2.1311705241688186,0.08955322390485411
7.290299174001817,39.22712817941317,31.902826407669675,0.09984065484299555
-35.030784803219476,28.380121142560427,21.618501202614237,-0.032748520550991166
42.93405123993915,6.892442237072075,40.0127724000446,0.057932399683230794
-22.408292367237358,36.37512843170873,45.65241640038456,0.103479762097795
-30.154064457523944,-46.0392244230849,2.294639386093744,0.03361176198076882
-1.7408230480051046,-24.15938381789171,13.093124219026997,-0.08347638365624092
-0.9405831883030018,17.424249804875387,7.189809443484924,0.04281449215976297
-37.71771178147603,20.413058121738374,46.65773811248141,0.04631439477066004
-7.330736558161924,-44.543684385617645,11.916844243924446,0.01022216660292347
-17.7248784952871,-11.381609624323474,11.431067206481332,-0.12772211894199326
-40.85449219996441,3.093127331137893,13.386230071876353,-0.07040993623751618
-15.684972723154921,43.652427474575234,12.328471844403888,0.12071232379116222
2.5601409110522013,47.72607373303259,0.09926449958207462,-0.001773308670482749
14.806683186247511,2.3381054753335775,36.65498023218522,-0.037929474426884546
1.6578209735326652,17.303604332949206,42.206817606094226,0.08630074595440469
-39.63722365696168,-39.966060170993266,29.266712291546398,-0.0045808213931482445
-36.424801363796774,49.85016838845516,4.156843279241945,0.1022179655825586
21.73596952174053,29.994611704077258,29.66189466829072,-0.07220638895267277
-29.935799363561056,27.148019711155882,34.34871600664054,0.0372948129738186
18.446184879740812,-46.82611562029344,31.180479938782966,0.19905552089586917
9.191705595216483,-37.002587543102635,10.289013318367946,0.07322736167553981
25.707876114647732,39.71180651284524,49.44643351654081,-0.1190190801084766
11.87883511358303,42.68290368530272,11.622402956631927,-0.07765024641870517
-20.92981167382224,-35.72101846331781,37.59511125278805,-0.13982076835969956
-48.83194798555044,-11.465048662497324,36.29011094101865,-0.003290565349260418
17.919856939406273,25.5333686206273,11.188926565467394,0.05977013354547543
-6.512454658149601,-23.032344623586397,24.14491817362429,0.010853013353349386
46.597396857391644,24.277803847182938,21.707436187820633,-0.12904671767861342
23.185975717005064,-1.82994206473537,30.779254471532052,0.05745187462457666
-2.670109891000102,10.988601808133012,3.4971812322770193,-0.16830533643457438
44.25762098134868,25.557083949847936,14.162949425552485,-0.10366051955439724
3.9556690283154694,34.485452835163386,17.485415534591077,0.04680205181251946
30.9480246347982,44.57191246136257,40.408675483254925,0.005163781928891357
38.46172195435115,27.007138726600886,47.59693883854638,-0.049373801862353676
11.965373838443782,28.232147223082265,14.741283921916299,0.06005173226257235
49.91271394198043,-29.152699351812227,47.847852210629846,-0.04297507854336045
22.13997670953715,-21.797970198195713,39.382165020416345,0.07071988288605036
-43.02934337134112,24.431204638230497,0.9841717845069875,-0.21543812349406927
44.764018864423605,21.271715037091,13.059691846479687,0.10323422880126244
-40.83172948760646,-12.657396270572484,3.5154630417443435,-0.1706739466046942
-25.844919026466396,1.3057652642769781,27.055757473504865,0.07010605982752398
21.2640817100648,-1.3848743292301933,20.42703324712721,-0.060430885112397005
20.377228185028443,-36.66648000771045,25.33886453670988,0.17069675657063782
-28.714740011820595,-33.36327810230429,29.225920635117504,0.04319226038017943
-49.14665624532949,14.881489512563974,13.94056129739928,-0.12520783899083762
32.91530867115216,7.542964631567642,42.51105750181574,0.13008936949620487
-13.208974472547922,26.329977360050677,31.254503424415898,-0.08894019081092952
16.346786754153158,-42.06853999457051,25.107909549491485,0.12430120250997306
35.05531845617709,-23.72368869405036,31.304685107459747,-0.0037349108094351657
-12.37464762967386,46.98286671131726,43.720039918066895,-0.07704405715731424
-6.975578918516909,-37.512495752421074,11.21489538304865,0.17889762037042425
21.52070056690431,-5.621406351609593,38.86707864256403,-0.12754466331270653
-47.89973044618272,-0.9014237597059136,22.396236614223007,-0.09164652944859276
36.17952032181351,23.579012198891377,11.97430310913129,0.0971308066293924
8.955887721663949,2.758330247666187,35.1928337857275,-0.06431575021011265
10.540961361099399,-14.096950453286304,31.625737275372213,-0.056989948591975086
-38.47710943546594,-48.986596809213026,26.50054431176061,0.006049199089220208
17.90141701036015,34.353290091315486,4.80691619800897,0.021926496670149658
-1.7573358602797313,-37.669874656540834,2.228846664647244,-0.15478269412085915
22.13909811160927,12.322194258490157,23.558129699411857,-0.119180557948847
-14.697990975305878,-16.698973160701883,33.71520021627376,-0.06618627476000986
-34.25088992309939,-44.706590702027185,13.089305167394505,-0.032377106299973396
46.593317747978816,-33.13589349263931,4.614156110786588,0.05954448140887152
13.16993748086496,-14.891860720663189,49.09219338473605,-0.08526202304272136
-47.20845953734953,41.02910053815229,48.13499180129621,-0.011125026274816631
31.311870829325258,45.56260013110236,21.211796401778138,-0.14692381907284255
35.2561800022187,10.642681790232466,18.776480345263913,-0.0010957353149116016
-35.342314586410126,34.751438838084255,32.1485687726942,-0.09731386693160039
43.04962837281282,39.53535127124455,13.540872650645975,-0.09857977120340496
-12.262884001979401,-48.369664679903416,5.2288454090319405,-0.05235414681456971
17.9910943481935,-29.21153741160243,25.39654857295689,0.010798358749441484
-48.213210668538466,19.849803969091724,14.950891782066261,0.19799798712691627
-5.787606424339344,-29.88816535266362,29.718327980520787,-0.06814893218561432
7.034135235105708,35.52143014200925,6.1390244045178175,0.07141567847389056
48.85122677143511,-47.04187359418065,33.623824968752466,0.015808408099292206
13.270837393170687,5.319336777663928,12.762443215255004,-0.1005042045398808
-45.440732879613364,-45.28455336551015,2.212331189414196,-0.11661513595204363
-17.120852035553433,-11.341324598653927,7.794884325832463,-0.07887399730178672
17.915236118814022,41.759905845063486,8.394842226115317,-0.09454174320930338
-8.5633561429688,35.301883887692924,47.62432820261788,0.12092245909637733
-32.58087242250235,6.835805675397566,10.018097650862256,-0.13120165335503509
40.57841852055982,-2.193732732355244,22.632328109749356,-0.02699371556730862
7.8943659201482035,42.91234602805069,27.170577881361595,0.010429699913470938
-35.87040725232845,14.344998416501184,25.083963646275098,-0.04881733172149406
-16.743936782849687,26.901804533144514,26.430106688639015,-0.06162133182802044
21.99825943123267,24.552460002008473,13.732769781511522,-0.15379818977849863
-25.284882431250587,-32.158766216262535,37.916723486640294,0.06389074660937079
-18.906277868374787,-21.610094090482377,8.708324835905145,0.011551305988063119
-49.4306396279244,-38.93933966118092,19.456132800796922,-0.05878096325090295
-21.386262711273908,9.277715922845722,4.087771961302228,0.057075032472689545
-31.26335897038224,-10.348145318889912,15.520776800932135,-0.07411756596914484
-11.073646489852287,37.06082134653495,9.898078206459292,0.009290829830560541
28.00036964690925,38.1923415842637,3.2453063894786527,-0.002148343074983299
21.176778239247824,11.876963845071195,20.502154354913536,0.09833599216539442
35.676838024008646,39.54779640813054,11.723423803116283,-0.012736614279848622
-33.0642850618181,-37.796343051278214,42.49067663994635,-0.07396691396069296
